{"test": {"hinge": 0.9002675390641012, "empirical": 0.37168141592920356}, "train": {"hinge": 0.521351868102566, "empirical": 0.2181372549019608}}