{"test": {"hinge": 0.7492105771061343, "empirical": 0.3473684210526316}, "train": {"hinge": 0.7485170962078507, "empirical": 0.3413173652694611}}