{"test": {"hinge": 0.8737515825918307, "empirical": 0.3426294820717131}, "train": {"hinge": 0.4946801645616572, "empirical": 0.20977011494252873}}