{"test": {"hinge": 1.0006689980939345, "empirical": 0.422680412371134}, "train": {"hinge": 0.5481593320402943, "empirical": 0.21066666666666667}}