{"test": {"hinge": 1.1006265533627781, "empirical": 0.3023255813953488}, "train": {"hinge": 0.3774839765276474, "empirical": 0.14795918367346939}}