{"test": {"hinge": 1.2224612106793349, "empirical": 0.488}, "train": {"hinge": 0.7512763366739975, "empirical": 0.3314447592067989}}