{"test": {"hinge": 0.9069449403671743, "empirical": 0.37719298245614036}, "train": {"hinge": 0.48864348110597033, "empirical": 0.20393120393120392}}