{"test": {"hinge": 1.3638227604015942, "empirical": 0.5543478260869565}, "train": {"hinge": 0.505833515005291, "empirical": 0.20454545454545456}}