{"test": {"hinge": 1.1646907293588886, "empirical": 0.410958904109589}, "train": {"hinge": 0.4120239777788133, "empirical": 0.16299559471365638}}