{"test": {"hinge": 1.172005956026283, "empirical": 0.48760330578512395}, "train": {"hinge": 0.7324028503329905, "empirical": 0.3284671532846715}}