{"test": {"hinge": 1.133134249555514, "empirical": 0.45517241379310347}, "train": {"hinge": 0.7268019015510803, "empirical": 0.29874776386404295}}