{"test": {"hinge": 1.0341770884638664, "empirical": 0.41228070175438597}, "train": {"hinge": 0.7666418313566928, "empirical": 0.3283582089552239}}